Symbol,Last Date
India VIX,06/16/2023
Nifty 10 yr Benchmark G-Sec (Clean Price),06/16/2023
Nifty 10 yr Benchmark G-Sec,06/16/2023
Nifty 100,06/16/2023
Nifty 11-15 yr G-Sec Index,06/16/2023
Nifty 15 yr and above G-Sec Index,06/16/2023
Nifty 1D Rate Index,06/16/2023
Nifty 200,06/16/2023
Nifty 4-8 yr G-Sec Index,06/16/2023
Nifty 50 Arbitrage,06/16/2023
Nifty 50 Futures Index,06/16/2023
Nifty 50 Futures TR Index,06/16/2023
Nifty 50,06/16/2023
Nifty 500,06/16/2023
Nifty 8-13 yr G-Sec,06/16/2023
Nifty Aditya Birla Group,06/16/2023
Nifty Alpha 50,06/16/2023
NIFTY Alpha Low-Volatility 30,06/16/2023
NIFTY Alpha Quality Low-Volatility 30,06/16/2023
NIFTY Alpha Quality Value Low-Volatility 30,06/16/2023
Nifty Auto,06/16/2023
Nifty Bank,06/16/2023
Nifty Commodities,06/16/2023
Nifty Composite G-sec Index,06/16/2023
Nifty Consumer Durables,06/16/2023
Nifty Core Housing,06/16/2023
Nifty CPSE,06/16/2023
Nifty Dividend Opportunities 50,06/16/2023
Nifty Energy,06/16/2023
Nifty Financial Services Ex-Bank,06/16/2023
Nifty Financial Services,06/16/2023
Nifty FMCG,06/16/2023
Nifty Free Float Midcap 100,03/28/2018
Nifty Free Float Smallcap 100,03/28/2018
Nifty Full Midcap 100,03/28/2018
Nifty Full Smallcap 100,03/28/2018
Nifty Growth Sectors 15,06/16/2023
Nifty Healthcare Index,06/16/2023
Nifty High Beta 50,06/16/2023
Nifty Housing,06/16/2023
Nifty India Consumption,06/16/2023
Nifty India Defence,06/16/2023
Nifty India Digital,06/16/2023
Nifty India Manufacturing,06/16/2023
Nifty Infrastructure,06/16/2023
Nifty IT,06/16/2023
NIFTY LargeMidcap 250,06/16/2023
Nifty Low Volatility 50,06/16/2023
Nifty Mahindra Group,06/16/2023
Nifty Media,06/16/2023
Nifty Metal,06/16/2023
Nifty Microcap 250,06/16/2023
NIFTY Midcap 100,06/16/2023
Nifty Midcap 150,06/16/2023
Nifty Midcap 50,06/16/2023
Nifty Midcap Liquid 15,06/16/2023
Nifty Midcap Select,06/16/2023
Nifty Midcap150 Momentum 50,06/16/2023
NIFTY Midcap150 Quality 50,06/16/2023
Nifty MidSmall Financial Services,06/16/2023
Nifty MidSmall Healthcare,06/16/2023
Nifty MidSmall India Consumption,06/16/2023
Nifty MidSmall IT & Telecom,06/16/2023
Nifty MidSmallcap 400,06/16/2023
Nifty MNC,06/16/2023
Nifty Mobility,06/16/2023
Nifty Next 50,06/16/2023
Nifty Non-Cyclical Consumer,06/16/2023
Nifty Oil & Gas,06/16/2023
Nifty Pharma,06/16/2023
Nifty Private Bank,06/16/2023
Nifty PSE,06/16/2023
Nifty PSU Bank,06/16/2023
Nifty Quality 30,07/13/2018
NIFTY Quality Low-Volatility 30,06/16/2023
Nifty Realty,06/16/2023
Nifty REITs & InvITs,06/16/2023
Nifty Services Sector,06/16/2023
Nifty Shariah 25,06/16/2023
NIFTY Smallcap 100,06/16/2023
Nifty Smallcap 250,06/16/2023
Nifty Smallcap 50,06/16/2023
Nifty Smallcap250 Quality 50,06/16/2023
NIFTY SME EMERGE,06/16/2023
Nifty Tata Group 25% Cap,06/16/2023
Nifty Tata Group,06/16/2023
Nifty Total Market,06/16/2023
Nifty Transportation & Logistics,06/16/2023
NIFTY100 Alpha 30,06/16/2023
NIFTY100 Enhanced ESG,06/16/2023
Nifty100 Equal Weight,06/16/2023
Nifty100 ESG Sector Leaders - Old,06/22/2020
Nifty100 ESG Sector Leaders,06/16/2023
NIFTY100 ESG,06/16/2023
Nifty100 Liquid 15,06/16/2023
Nifty100 Low Volatility 30,06/16/2023
NIFTY100 Quality 30,06/16/2023
Nifty200 Alpha 30,06/16/2023
Nifty200 Momentum 30,06/16/2023
NIFTY200 Quality 30,06/16/2023
Nifty50 Dividend Points,06/16/2023
NIFTY50 Equal Weight,06/16/2023
Nifty50 PR 1x Inverse,06/16/2023
Nifty50 PR 2x Leverage,06/16/2023
Nifty50 Shariah,06/16/2023
Nifty50 TR 1x Inverse,06/16/2023
Nifty50 TR 2x Leverage,06/16/2023
Nifty50 USD,06/16/2023
Nifty50 Value 20,06/16/2023
Nifty500 Shariah,06/16/2023
NIFTY500 Value 50,06/16/2023
